abca,
abcde,
abcs,
abc-zinho,
abcz,
abda,
abdo,
abm,
abô,
abo,
abos,
abou,
abr,
abragames,
absa,
agüenta,
agüentar,
aguentar,
aguenta,
agüentou,
aguentou,
aguero,
agüero,
anhangüera,
anhanguera,
aquicultura,
aqüicultura,
aquífero,
aqüífero,
aquíferos,
aqüíferos,
-ar,
-as,
bilíngües,
cãibra,
cãibras,
cinquenta,
cinqüenta,
cinqüentenário,
complexo,
consequencia,
conseqüencia,
conseqüência,
consequência,
consequencias,
conseqüencias,
conseqüências,
consequências,
conseqüente,
consequentemente,
conseqüentemente,
consequente,
consequentes,
conseqüentes,
delinqüência,
delinquência,
delinqüente,
delinquente,
delinquentes,
delinqüentes,
derülo,
derulo,
distingüir,
-eliminado,
eloqüência,
eloquência,
eloqüente,
eloquente,
enquanto,
enqüanto,
epstein-barr,
eqüestres,
eqüidade,
equidade,
eqüina,
equina,
eqüinos,
equinos,
equitativa,
eqüitativa,
ertegün,
exs,
físico-química,
físico-químicas,
fisico-químicas,
físico-químico,
físico-químicos,
frequencia,
freqüencia,
freqüência,
frequência,
frequencias,
frequências,
freqüências,
freqüentada,
frequentada,
frequentadas,
freqüentadas,
frequentado,
freqüentado,
freqüentadores,
frequentadores,
frequentador,
freqüentador,
freqüentados,
frequentados,
freqüenta,
freqüentam,
frequentam,
freqüentando,
frequentando,
frequenta,
frequentaram,
freqüentaram,
freqüentar,
frequentar,
freqüentava,
frequentavam,
freqüentavam,
frequentava,
freqüente,
frequentemente,
frequêntemente,
freqüentemente,
frequente,
frequentou,
freqüentou,
galaxia,
galáxia,
güiza,
herrljunga,
inconseqüente,
inconsequente,
iniquidade,
iniqüidade,
iniquidades,
iniqüidades,
intranqüilidade,
intranquilidade,
lingueta,
lingüeta,
lingüiça,
linguiça,
mandiqüera,
-mas,
-missão,
multilíngüe,
-não,
-obrigação,
olmütz,
-os,
pingüim,
quinquênio,
qüinqüênio,
radiofreqüência,
radiofrequência,
sangüesa,
-são,
sequela,
seqüela,
sequelas,
seqüelas,
sequenciador,
seqüenciador,
sequenciado,
seqüenciado,
sequencialmente,
seqüencialmente,
sequencial,
seqüencial,
sequenciamento,
seqüenciamento,
sequência,
sequencia,
seqüencia,
seqüência,
sequências,
sequencias,
seqüencias,
seqüências,
sequestrada,
seqüestrada,
sequestradas,
seqüestradas,
sequestrado,
sequestradores,
seqüestradores,
sequestrador,
seqüestrador,
seqüestrado,
sequestrados,
seqüestrados,
sequestram,
seqüestram,
seqüestraram,
sequestraram,
seqüestrar,
sequestrar,
seqüestra,
sequestra,
sequestro,
seqüestro,
sequestros,
seqüestros,
seqüestrou,
sequestrou,
subsequentemente,
subseqüentemente,
subsequente,
subsequentes,
subseqüentes,
subseqüente,
superagui,
superagüi,
tranquilamente,
tranqüilamente,
tranquila,
tranquilas,
tranqüilas,
tranqüila,
tranquilidade,
tranqüilidade,
tranquilos,
tranqüilos,
tranqüilo,
ambigüidade,
ambigüidade,
ambigüidade,
ambigüidade,
ambigüidade,
ambigüidades,
ambigüidades,
ambigüidades,
ambigüidades,
ambigüidades,
antigüidade,
antigüidade,
antigüidade,
antigüidade,
antigüidade,
bilingüismo,
bilingüismo,
bilingüismo,
bilingüismo,
bilingüismo,
bilingüismo,
consangüíneos,
consangüíneos,
consangüíneos,
consangüíneos,
ensangüentado,
ensangüentado,
ensangüentado,
güímar,
güímar,
güímar,
güines,
güines,
güines,
ideolingüistas,
ideolingüistas,
ideolingüistas,
ideolingüistas,
ideolingüistas,
ideolingüistas,
ideolingüistas,
ideolingüistas,
lingüista,
lingüista,
lingüista,
lingüista,
lingüistas,
lingüistas,
lingüistas,
lingüistas,
lingüística,
lingüística,
lingüística,
lingüística,
lingüisticamente,
lingüisticamente,
lingüisticamente,
lingüisticamente,
lingüísticas,
lingüísticas,
lingüísticas,
lingüísticas,
lingüístico,
lingüístico,
lingüístico,
lingüístico,
lingüísticos,
lingüísticos,
lingüísticos,
lingüísticos,
psicolingüística,
psicolingüística,
psicolingüística,
psicolingüística,
psicolingüística,
psicolingüística,
psicolingüística,
psicolingüística,
sangüínea,
sangüínea,
sangüínea,
sangüíneas,
sangüíneas,
sangüíneas,
sangüíneo,
sangüíneo,
sangüíneo,
sangüíneos,
sangüíneos,
sangüíneos,
amiguinho,
amiguinho,
amiguinhos,
amiguinhos,
charanguinha,
charanguinha,
diguinho,
diguinho,
distinguindo,
distinguindo,
dominguinhos,
dominguinhos,
extinguindo,
extinguindo,
flamenguinho,
flamenguinho,
formiguinha,
formiguinha,
franguinho,
franguinho,
huguinho,
huguinho,
iguinho,
iguinho,
linguinha,
linguinha,
longuinho,
longuinho,
manguinhos,
manguinhos,
moranguinho,
moranguinho,
pinguinho,
pinguinho,
piranguinho,
piranguinho,
pixinguinha,
pixinguinha,
rodriguinho,
rodriguinho,
sanguinho,
sanguinho,
siguinte,
siguinte,
superamiguinhos,
superamiguinhos,
valonguinho,
valonguinho,
variguinho,
variguinho,
administração,
administração,
administração,
administrativa,
administrativa,
administrativa,